﻿<?xml version="1.0"?>
<catalog>      
		<pf id="0">
			<property></property>
			<image1>img/public transport 3.jpg</image1>
			<image2>img/public transport 4.jpg</image2>
			<name>public transport </name>
			<title>go to Deakin</title>
			<description>Deakin University currently has four main campuses all located in Victoria. There are a number of convenient ways to get to each campus, which are explained on this page. Sustainability is a Deakin value, so here we provide sustainable ways to travel and reduce emissions.</description>
		</pf>
		<pf id="1">
			<property></property>
			<image1>img/carpooling 2.jpg</image1>
			<image2>img/carpooling 2.jpg</image2>
			<name>car pooling</name>
			<title>advantages</title>
			<description>Membership is open to all Deakin University students and staff - all that is required is a valid Deakin University email.

			Simply join, complete your profile, then join one or more campus groups to find people you can share the ride with.

			Carpooling might be something you choose to do every day, or just occasionally - that's entirely up to you.

			It's a great way to meet new people, and make a bit of a difference for our environment. As a bonus, it can save you money too. </description>
		</pf>
	
		<pf id="2">
			<property></property>
			<image1>img/park and ride 3.jpg</image1>
			<image2>img/park and ride 3.jpg</image2>
			<name>park and ride</name>
			<description>Enter the campus off Burwood Highway at Entrance 2 and proceed to Car Park 1 or Car Park 5 (please only park in parking positions marked with white lines and signed as being located in General Parking Permit Zones; please do not park in Orange Permit Zones as these are reserved car parks). Parking permits are not required in General Parking Permit Zones after 4.30pm – (see map)</description>
		</pf>
		
		<pf id="3">
			<property></property>
			<image1>img/flexicar 1.png</image1>
			<image2>img/flexicar 2.jpg</image2>
			<name>flexi car</name>
			<description>The Flexicar service is simple – once you’ve created an account online, you just need to book a car via the website or app. Then, simply collect the Flexicar from a designated park and commence your journey. The Flexicar must be returned to the designated Flexicar bays in the car park where you picked it up. </description>
		</pf>
	
		<pf id="4">
			<property></property>
			<image1>img/geelongshuttlebus.jpg</image1>
			<image2>img/geelongshuttlebus.jpg</image2>
			<name>shuttle bus-Geelong</name>
			<description>Departure times from the Waurn Ponds Campus are from Stop 1 (Deakin Central Zone). Timetable shows approximate departure times that may vary due to traffic congestion or unforeseen delays. Seats are not guaranteed when passenger demand exceeds capacity.</description>
		</pf><pf id="5">
			<property></property>
			<image1>img/bike cages 1.jpg</image1>
			<image2>img/bike cages 2.jpg</image2>
			<name>bike cages</name>
			<description>Bike cages are secure storage facilities located at Burwood, Waurn Ponds and Waterfront campuses.</description>
		</pf>
		<pf id="6">
			<property></property>
			<image1>img/cycling 1.jpg</image1>
			<image2>img/cycling 2.jpg</image2>
			<name>cycling</name>
			<description>Bike riding to each of the campuses is a great way to obtain your daily exercise, avoid car parking hassles and save money.</description>
		</pf>
		<pf id="7">
			<property></property>
			<image1>img/facilities 1.jpg</image1>
			<image2>img/facilities 2.jpg</image2>
			<name>end of trip facilities</name>
			<description>Cycling facilities at Burwood</description>
		</pf>
		<pf id="8">
			<property></property>
			<image1>img/walking 1.jpg</image1>
			<image2>img/walking 2.jpg</image2>
			<name>walking</name>
			<description>One of the easiest and most accessible physical activities available for everyone is walking. You don't require any special equipment or training and it's also free. Nearly everyone can walk whether it is as a mode of travel, for fitness, weight loss or relaxation.</description>
		</pf>
		<living>
			<type>Energy</type>
			<method1>Turn off computers.</method1>
			<method2>Turn off lights.</method2>
			<method3>Use a clothes drying rack rather than an electric dryer.</method3>
			<method4>Use LED light bulbs in your desk lamp.</method4>
			<method5>Use a power board.</method5>
			<method6>Switch off applicances if would not use it.</method6>
			<method7>Use solar power to save.</method7>
			<method8>Use the stovetop if cooked.</method8>
		</living>
		<living>
			<type>Water</type>
			<method1>Use reusable water bottles and refill at stations around campus.</method1>
			<method2>Take showers that are 5 minutes or less.</method2>
			<method3>Only wash full loads of washing.</method3>
			<method4>Wash clothes in cold water.</method4>
			<method5>Report leaky taps to management.</method5>
			<method6>Don’t leave the water running when rinsing dishes by hand.</method6>
			<method7>Use leftover water for watering your plants.</method7>
			<method8>...</method8>
		</living>
		<living>
			<type>Heating/cooling</type>
			<method1>Open windows instead of using air conditioners</method1>
			<method2>Put another layer of clothes on if cold instead of using heaters</method2>
			<method3>In winter set you heater a little cooler and in summer a little warmer than usual.</method3>
			<method4>...</method4>
			<method5>...</method5>
			<method6>...</method6>
			<method7>...</method7>
			<method8>...</method8>
		</living>
		<living>
			<type>Purchasing</type>
			<method1>Use a reusable coffee cup</method1>
			<method2>Use biodegradable laundry detergent, cleaners, soap</method2>
			<method3>Organic shampoos, conditioners</method3>
			<method4>Aluminium free deodorants</method4>
			<method5>Recycled content notebooks, paper towel, tissues</method5>
			<method6>Buy organic food</method6>
			<method7>Purchase second hand goods</method7>
			<method8>Minimise packaging when making purchases.</method8>
		</living>
		
		
		<food>
			<type>eat less meat</type>
			<image1>img/food1.jpg</image1>
			<image2>img/food1_2.jpg</image2>
			<title1>how to eat less meat</title1>
			<title2>why choose to eat less meat</title2>
			<description1>Choosing to eat less meat is easy! You could decide to nominate at least one 
			Meat Free Day a week. You might also choose to limit yourself to a certain number of meat-based 
			meals a week, or go completely vegetarian or vegan and cut meat or animal products out of your 
			diet completely. Whatever you decide, it is important to substitute lots of nutritious, fresh 
			food into your diet to ensure that your body is receiving everything it needs.  </description1>
			<description2>In addition to being a large contribution to climate change,
			meat consumption connects with issues concerning global justice in relation to food,
			the compassionate treatment of animals, nonviolence, and health. All of the world religions, 
			from their various perspectives, encourage protection of the environment, serving the needs of the poor, 
			kindness towards animals and healthy living. </description2>
		</food>
		<food>
			<type>eat organic</type>
			<image1>img/food2.jpg</image1>
			<image2>img/food2_2.jpg</image2>
			<title1>WHAT is ORGANIC</title1>
			<title2>WHY choose ORGANIC</title2>
			<description1>Organic food is food derived from organic farming, 
			which refers to produce that has been farmed without the use of synthetic pesticides and chemical fertilizers, 
			meaning that such food has been grown ideally in its untouched natural surroundings. 
			Organic cultivation strives to retain the richness, 
			authenticity and breadth of flavors that food has to offer. This allows us as consumers, 
			to be in tune with the unadulterated essence that nature has bestowed upon us.</description1>
			<description2>It is believed that eating organic is an intuitive precursor to eating healthy, 
			nutritious and delicious foods. Eating healthy certainly does not mean that one has to compromise on taste or variety; 
			and organic eating as an avenue towards a holistic, healthy and active lifestyle. More often than not, 
			many of these organic products may be additionally classified as specialty foods, such as being gluten-free,
			glucose-free and vegan foods. It is also believed that firmly in the importance of fair-trade farming and sustainable farming.</description2>
		</food>
		<food>
			<type>eat local</type>
			<image1>img/food3.jpg</image1>
			<image2>img/food3_2.jpg</image2>
			<title1> Ways to Eat Local</title1>
			<title2>WHY choose local eating</title2>
			<description1>1. Shop at Farmer’s Markets
							2. Visit Your Local Farms Directly
							3. Join a Community Supported Agriculture (CSA)
							4. Learn What’s in Season</description1>
			<description2>Supports local farms: Buying local food keeps local farms healthy and creates local jobs at farms
			and in local food processing and distribution systems.Boosts local economy: Food dollars spent at local farms and
			food producers stay in the local economy, creating more jobs at other local businesses.Less travel: Local food travels
			much less distance to market than typical fresh or processed grocery store foods, therefore using less fuel and generating 
			fewer greenhouse gases.</description2>
		</food>
		<food>
			<type>eat seasonal</type>
			<image1>img/food4.jpg</image1>
			<image2>img/food4_2.jpg</image2>
			<title1>HOW TO EAT SEASONAL</title1>
			<title2>why eat seasonally</title2>
			<description1>1. KNOW WHAT’S IN SEASON.
						2. MEAL PLAN FOR THE SEASON.
						3.  SHOP THE BUY PRICE.
						4. SHOP THE RAINBOW.(More color means more nutrients. )</description1>
			<description2>why eat seasonally
						1.Better (and better tasting) for you
						2.Easier on the wallet
						3.Support your local community</description2>
		</food>
		
</catalog>